{"pId":0,"spatial":[-8.627373,41.141376,-8.618499,41.144697],"temporal":[1372636858,1372636948],"count":6}
{"pId":1,"spatial":[-8.632746,41.144778,-8.62668,41.151213],"temporal":[1372636933,1372637023],"count":6}
{"pId":2,"spatial":[-8.632323,41.15124,-8.628687,41.153022],"temporal":[1372637038,1372637113],"count":6}
{"pId":3,"spatial":[-8.631144,41.154489,-8.630829,41.154516],"temporal":[1372637128,1372637188],"count":5}
