{"pId":0,"spatial":[-8.683092,41.092353,-8.549334,41.161563],"temporal":[1372636853,1372660523],"count":148}
{"pId":1,"spatial":[-8.709399,41.008275,-8.486757,41.260086],"temporal":[1372636896,1372663071],"count":352}
{"pId":2,"spatial":[-8.699922,41.028183,-8.508024,41.258457],"temporal":[1372654295,1372670533],"count":402}
{"pId":3,"spatial":[-8.693415,41.159799,-8.499114,41.259645],"temporal":[1372662074,1372670440],"count":98}
